<?xml version="1.0"?>
<launch>

    <!-- Arguments -->
    <arg name="cmd_vel_topic" default="nav_vel" />
    <arg name="odom_topic" default="odom" />

    <!-- move_base -->
    <node pkg="move_base" type="move_base" respawn="false" name="move_base" output="screen" clear_params="true">
        <rosparam command="load" file="$(find ancube_navigation)/param/move_base_params.yaml"/>

        <rosparam command="load" file="$(find ancube_navigation)/param/global_planner_params.yaml"/>
        <rosparam command="load" file="$(find ancube_navigation)/param/global_costmap_params.yaml"/>
        <rosparam command="load" file="$(find ancube_navigation)/param/local_costmap_params.yaml"/>

        <rosparam command="load" file="$(find ancube_navigation)/param/dwa_local_planner_params.yaml"/>
        <remap from="cmd_vel" to="$(arg cmd_vel_topic)"/>
        <remap from="odom" to="$(arg odom_topic)"/>
    </node>

</launch>