<?xml version="1.0"?>
<launch>

    <arg name="laser_scan_topic" default="scan"/>
    <arg name="base_frame_id" default="base_link"/>
    <arg name="odom_frame_id" default="odom"/>
    <arg name="publish_tf" default="false"/>
    <arg name="odom_topic" default="odom"/>

    <node pkg="rf2o_laser_odometry" type="rf2o_laser_odometry_node" name="rf2o_laser_odometry">
        <param name="laser_scan_topic" value="$(arg laser_scan_topic)"/>
        <param name="publish_tf" value="$(arg publish_tf)" />
        <param name="base_frame_id" value="$(arg base_frame_id)"/>
        <param name="odom_frame_id" value="$(arg odom_frame_id)" />
        <param name="init_pose_from_topic" value="" />
        <param name="freq" value="8.2"/>
        <param name="verbose" value="true" />
        <remap from="rf2o_laser_odometry/odom" to="$(arg odom_topic)"/>
    </node>

</launch>