<?xml version="1.0"?>
<launch>
    <arg name="port" default="/dev/ttyUSB0"/>
    <arg name="frame_id" default="laser_frame"/>
    <arg name="angle_min" default="-180"/>
    <arg name="angle_max" default="180"/>
    <arg name="range_min" default="0.1"/>
    <arg name="range_max" default="12.0"/>

    <node name="lidar_node" pkg="ydlidar_ros" type="ydlidar_node" output="screen" respawn="false">
        <param name="port" type="string" value="$(arg port)"/>
        <param name="baudrate" type="int" value="128000"/>
        <param name="frame_id" type="string" value="$(arg frame_id)"/>
        <param name="resolution_fixed" type="bool" value="true"/>
        <param name="auto_reconnect" type="bool" value="true"/>
        <param name="reversion" type="bool" value="false"/>
        <param name="angle_min" type="double" value="$(arg angle_min)" />
        <param name="angle_max" type="double" value="$(arg angle_max)" />
        <param name="range_min" type="double" value="$(arg range_min)" />
        <param name="range_max" type="double" value="$(arg range_max)" />
        <param name="ignore_array" type="string" value="" />
        <param name="frequency" type="double" value="8"/>
        <param name="samp_rate" type="int" value="5"/>
    </node>

</launch>