<?xml version="1.0"?>
<launch>
    <!-- DS4 Joystick -->
    <include file="$(find ancube_teleop)/launch/teleop_joy_ds4.launch">
        <arg name="joy_addr" value="DC:AF:68:94:03:CC"/>
        <arg name="cmd_topic" value="joy_vel"/>
        <arg name="linear_vel_max" default="0.2"/>
        <arg name="angular_vel_max" default="0.4"/>
    </include>

    <!-- TwistMux -->
    <include file="$(find ancube_teleop)/launch/teleop_twist_mux.launch">
        <arg name="cmd_vel_out" value="cmd_vel"/>
        <!-- <arg name="config_locks" value="$(find ancube_teleop)/config/twist_mux_locks.yaml"/> -->
        <!-- <arg name="config_topics" value="$(find ancube_teleop)/config/twist_mux_topics.yaml"/> -->
    </include>
</launch>